{"url": "rtsp://admin:Greenbotz%401211@172.16.1.245/cam/realmonitor?channel=1&subtype=0", "polygon": [{"x": 0.0465587044534413, "y": 0.025225225225225224}, {"x": 0.05465587044534413, "y": 0.5297297297297298}, {"x": 0.4008097165991903, "y": 0.5513513513513514}, {"x": 0.3977732793522267, "y": 0.012612612612612612}], "line": {"x1": 0.2773279352226721, "y1": 0.025225225225225224, "x2": 0.28036437246963564, "y2": 0.5513513513513514}}