{"url": "rtsp://admin:Greenbotz%401211@172.16.1.245/cam/realmonitor?channel=1&subtype=0", "polygon": [{"x": 0.30333209121436405, "y": 0.0024386759984453385}, {"x": 0.30684086314418857, "y": 0.564311585697442}, {"x": 0.40596367016173246, "y": 0.5626393448947664}, {"x": 0.40947244209155703, "y": 0.004110916801120924}], "line": {"x1": 0.26720647773279355, "y1": 0.03423423423423423, "x2": 0.27125506072874495, "y2": 0.645045045045045}}